Site,ANNONCE_LINK,FROM_SITE,ID_CLIENT,ANNONCE_DATE,ACHAT_LOC,MAISON_APT,CATEGORIE,NEUF_IND,NOM,ADRESSE,CP,VILLE,QUARTIER,DEPARTEMENT,REGION,PROVINCE,ANNONCE_TEXT,ETAGE,NB_ETAGE,LATITUDE,LONGITUDE,M2_TOTALE,SURFACE_TERRAIN,NB_GARAGE,PHOTO,PIECE,PRIX,PRIX_M2,URL_PROMO,PAYS_AD,PRO_IND,SELLERTYPE,MINI_SITE_URL,MINI_SITE_ID,AGENCE_NOM,AGENCE_ADRESSE,AGENCE_VILLE,AGENCE_DEPARTEMENT,EMAIL,WEBSITE,AGENCE_TEL,AGENCE_TEL_2,AGENCE_TEL_3,AGENCE_TEL_4,AGENCE_FAX,AGENCE_CONTACT,PAYS_DEALER,FLUX,SITE_SOCIETE_URL,SITE_SOCIETE_ID,SITE_SOCIETE_NAME,AGENCE_RCS,SPIR_ID
inmuebles24.com,http://www.inmuebles24.com/propiedades/preciosa-casa-en-venta-zona-hotelera-en-isla-dorada-51594734.html,inmuebles24, 51594734,2017-07-19 12:17:14.815729,Venta,Casa,"Casa
											",,"Preciosa Casa en Venta - Zona Hotelera en Isla Dorada - Isla Amorosa - Cancun, Provincia de Quintana Roo - Inmuebles24","Blvd. Kukulcan km 12.5, Zona Hotelera, Cancún, Q. Roo, México, Zona Hotelera, Cancún",,Cancún,Zona Hotelera,,,Quintana Roo,"
										Esta casa tiene 4 recámaras ,4 baños completos ,Sala ,Comedor ,Cocina ,Terraza ,Alberca ,Cuarto de lavado ,Cuarto de servicio ,Ventanas kommerling ,Aire integral ,Granito en cocina ,Filtros para agua : suavizador ,Venta: 850,000 USD
									",,,21.129546600000000,-86.817013200000020,400,400,,,,"U$D 850,000",,,,,,,,MARTHA PEREZ REALTY,,,,,,,,,,,,,,,,,,
inmuebles24.com,http://www.inmuebles24.com/propiedades/atencion-desarrolladores-de-vivienda-hoteleros-53083510.html,inmuebles24, 53083510,2017-07-24 12:17:41.195331,Venta,Terreno / Lote,"Terreno / Lote
											",,"Atención Desarrolladores de Vivienda, Hoteleros, Inversionistas de Bodegas, Provincia de Puebla - Inmuebles24","AV MORATILLA 55, Fraccionamiento Moratilla, Puebla",,Puebla,Fraccionamiento Moratilla,,,Puebla,"
										Terreno plano de 5,236 m2 en Moratilla, zona residencial justo a espaldas de los Hoteles Fiesta Inn, Holiday Inn, City Express y el nuevo NH, y a un costado del nuevo desarrollo residencial “Rincón de Moratilla.” ,Ideal para vivienda horizontal y/o vertical, Hotel, o bodegas; terreno de forma regular con 2 frentes (60 mts al Norte en Av. Moratilla y 87 mts al Oriente en calle Celeste). ,Ubicado a pié de la Av. Moratilla # 55, con alineamiento y número oficial de fecha 15 Junio 2017. ,A 3 minutos de la planta VW y Parque Finsa. Excelentes vías de acceso y salida de/a la autopista México-Puebla a 1 calle de distancia. ,$ 3,750/m2 - Informes al ,Ver datos, ,Ver datos, en Puebla, Pue., en horas hábiles.
									",,,19.098715300000000,-98.235044599999980,"5,236","5,236",,,,"MN 19,650,000",,,,,,,,Sergio Maritnez,,,,,,,,,,,,,,,,,,
inmuebles24.com,http://www.inmuebles24.com/propiedades/excelente-penthouse-estilo-contemporaneo-a-unos-pasos-53026732.html,inmuebles24, 53026732,2017-07-13 12:18:06.465702,Venta,Departamento,"Departamento
											",,Excelente Penthouse Estilo Contemporáneo a Unos Pasos de Reforma. Distrito Federal - Inmuebles24,"Calzada Manuel Villalongín 196, Cuauhtémoc, Cuauhtémoc",,Cuauhtémoc,Cuauhtémoc,,,Distrito Federal,"
										Hermoso PH con excelentes acabados, techos altos y mucha iluminación. Con 148 m2 habitables distribuidos en 2 niveles, la primera planta cuenta con; pequeño recibidor con un techo de 5m2, balcón, cocina, comedor, recámara secundaria con baño externo y recámara principal con vestidor y baño completo. En el segundo piso se encuentra la sala, área de bar, terraza de 40m2 con jacuzzi, baño de visitas y área de lavado. El departamento tiene 2 lugares fijos de estacionamiento y una amplia bodega. El edificio ofrece seguridad 24/7, CCTV, 3 elevadores.
									",,,19.434536400000000,-99.169898199999980,148,188,,,,"MN 8,900,000",,,,,,,,Ángel Tejada,,,,,,,,,,,,,,,,,,
inmuebles24.com,http://www.inmuebles24.com/propiedades/bodega-en-venta-53226168.html,inmuebles24, 53226168,2017-08-08 12:18:31.322511,Venta,Bodega comercial,"Bodega comercial
											",,"Bodega en Venta, Distrito Federal - Inmuebles24","SANTA ISABEL TOLA CACAMAC No.23, Santa Isabel Tola, Gustavo A. Madero",,Gustavo A. Madero,Santa Isabel Tola,,,Distrito Federal,"
										AMPLIA BODEGA CON OFICINAS Y BAÑO
									",,,19.497638800000000,-99.117852100000000,200,550,,,,"MN 7,500,000",,,,,,,,FELIX ASBUN,,,,,,,,,,,,,,,,,,
inmuebles24.com,http://www.inmuebles24.com/propiedades/departamento-con-amplios-espacios-y-buena-ubicacion-53032171.html,inmuebles24, 53032171,2017-07-13 12:18:56.187998,Venta,Departamento,"Departamento
											",,"Departamento con Amplios Espacios y Buena Ubicación, Col. General Anaya, Distrito Federal - Inmuebles24","Avenida Rio Churubusco No.311, General Pedro Maria Anaya, Benito Juárez",,Benito Juárez,General Pedro Maria Anaya,,,Distrito Federal,"
										Bonito departamento con amplios espacios y distrubucion funcional. Acceso, recibidor, sala-comedor, cocina con área de servicio, 2 baños completos, 2 recamaras, la principal con baño y vestidor y con opción a adaptar una tercera recamara, 2 lugares de estacionamiento independientes ( no se estorban con otros autos). Muy bien ubicado, excelentes vías de acceso como Eje Central , Avenida División del Norte y Avenida Río Churubusco.
									",,,19.358431512240312,-99.158991701852410,90,90,,,,"MN 3,550,000",,,,,,,,Ángel Tejada,,,,,,,,,,,,,,,,,,
inmuebles24.com,http://www.inmuebles24.com/propiedades/exclusiva-residencia-en-lomas-de-chapultepec-53216327.html,inmuebles24, 53216327,2017-08-06 12:19:22.040749,Venta,Casa,"Casa
											",,"Exclusiva Residencia en Lomas de Chapultepec, Distrito Federal - Inmuebles24","Monte Altai 520, Lomas de Chapultepec, Miguel Hidalgo",,Miguel Hidalgo,Lomas de Chapultepec,,,Distrito Federal,"
										Exclusiva residencia ubicada en la parte baja de Las Lomas. A unos pasos de Paseo de La Reforma y Periférico. Distribuida en 3 niveles, la casa ofrece amplios espacios, áreas abiertas, amplios ventanales y mucha iluminación. La planta baja consta de sala y comedor con chimenea. Una amplia cocina con desayunador y acceso a los 60 m2 de jardín trasero. Cuarto de servicio y lavandería. La primer planta tiene una habitación con baño y vestidor, habitación de visitas, sala de TV y un espacio que se puede adaptar a una tercera recámara o hacer un aréa de usos múltiples. La segunda planta cuenta con una amplia Master Suite con enorme vestidor y baño completo con tina, antesala, medio baño y cuarto seguro, así como una bonita terraza con vista a copas de árboles. Toda la casa cuenta con domótica en los sistemas de seguridad, aire acondicionado, persianas, audio e iluminación. La ventanería es alemana, el pisos de Salam, muro con riego automático, sistema de purificación de agua en cocina, aire acondicionado en habitaciones y piso radiante en Master Suite. Tiene dos amplios estacionamientos con posibilidad de meter hasta 4 autos.
									",,,19.423328200000000,-99.208710100000020,424,313,,,,"MN 28,000,000",,,,,,,,Ángel Tejada,,,,,,,,,,,,,,,,,,
inmuebles24.com,http://www.inmuebles24.com/propiedades/departamento-en-venta-en-residencial-raices-lomas-52632055.html,inmuebles24, 52632055,2017-07-28 12:19:46.943779,Venta,Departamento,"Departamento
											",,"Departamento en Venta en Residencial Raices, Lomas Country Club, Edo. de México - Inmuebles24",,,Huixquilucan,Lomas Country Club,,,Edo. de México,"
										,Espectacular Pre Venta en Lomas Country Club, Residencial Raíces, últimos departamentos, rodeado de áreas verdes con 8,000 m2 de terreno para solo 35 departamentos con vigilancia las 24 hrs. y circuito cerrado, departamentos desde 400 m2 todos con terraza exclusivas áreas comunes como garden grill, mirador, spa, gimnasio, alberca techada y salón de eventos.,* PRECIO SUJETO A CAMBIO SIN PREVIO AVISO Y DISPONIBILIDAD.,Otras Características:,M2 de Área Común: 8000.,
									",,,,,421,"8,000",,,,"U$D 1,011,600",,,,,,,,Grupo Bosques Bienes Raíces,,,,,,,,,,,,,,,,,,
inmuebles24.com,http://www.inmuebles24.com/propiedades/casa-en-cumbres-del-lago.-en-coto-privado-53189077.html,inmuebles24, 53189077,2017-08-02 12:20:11.740901,Venta,Casa,"Casa
											",,"Casa en Cumbres del Lago. en Coto Privado, Provincia de Querétaro - Inmuebles24","LAGO NICHUPTE 213, Juriquilla, Querétaro",,Querétaro,Juriquilla,,,Querétaro,"
										CUENTA CON 3 RECÁMARAS, 2 BAÑOS Y MEDIO LA RECÁMARA PRINCIPAL CON VESTIDOR AMPLIO Y BAÑO, SALA DE TELEVISION EN LA PARTE SUPERIOR, SALA COMEDOR, COCINA CON GRANITO, CON ESPACIO PARA ESTUDIO O UNA CUARTA RECÁMARA, ÁREA DE LAVADO TECHADA CON ESPACIO PARALAVADORA Y SECADORA, CUARTO DE SERVICIO CON BAÑO, ESPACIO PARA 3 AUTOS Y ÁREA DE JARDÍN, EL CONDOMINIO CUENTA CON CIRCUITO CERRADO, DOS ÁREAS COMUNES UNA DE ELLAS CON ALBERCA ASADOR Y ÁREA DE JUEGOS INFANTILES, LA OTRA CON UN FOGATERO Y ASADOR
									",,,20.698407800000000,-100.467915000000000,200,194,,,,"MN 3,300,000",,,,,,,,Jose ,,,,,,,,,,,,,,,,,,
Site,ANNONCE_LINK,FROM_SITE,ID_CLIENT,ANNONCE_DATE,ACHAT_LOC,MAISON_APT,CATEGORIE,NEUF_IND,NOM,ADRESSE,CP,VILLE,QUARTIER,DEPARTEMENT,REGION,PROVINCE,ANNONCE_TEXT,ETAGE,NB_ETAGE,LATITUDE,LONGITUDE,M2_TOTALE,SURFACE_TERRAIN,NB_GARAGE,PHOTO,PIECE,PRIX,PRIX_M2,URL_PROMO,PAYS_AD,PRO_IND,SELLERTYPE,MINI_SITE_URL,MINI_SITE_ID,AGENCE_NOM,AGENCE_ADRESSE,AGENCE_VILLE,AGENCE_DEPARTEMENT,EMAIL,WEBSITE,AGENCE_TEL,AGENCE_TEL_2,AGENCE_TEL_3,AGENCE_TEL_4,AGENCE_FAX,AGENCE_CONTACT,PAYS_DEALER,FLUX,SITE_SOCIETE_URL,SITE_SOCIETE_ID,SITE_SOCIETE_NAME,AGENCE_RCS,SPIR_ID
inmuebles24.com,http://www.inmuebles24.com/propiedades/bosque-6060-52913725.html,inmuebles24,Noviembre 2018,2017-08-08 12:21:16.691590,Venta,Desarrollo vertical,"Desarrollo vertical
											",,"Bosque 6060, Distrito Federal - Inmuebles24","Desierto de los Léones 6060 Ciudad de México, Olivar de los Padres, Alvaro Obregón",,Alvaro Obregón,Olivar de los Padres,,,Distrito Federal,"
										ABILIA lanza un proyecto único e irrepetible al sur de la Ciudad de México, inmerso en un bosque protegido con un castillo medieval que, combinado con una arquitectura de vanguardia, brindan la posibilidad de vivir rodeado de naturaleza con todas las comodidades actuales. ,El 80% del terreno de Bosque 6060 son áreas verdes boscosas destinadas al disfrute de actividades al aire libre con senderos para caminatas y áreas de estar.Los departamentos que van desde 197 m2 hasta 338 m2, cuentan con tres recámaras, sala comedor, family room, elevador directo a piso, terraza, balcón y algunos con jardines privados. ,Seguridad, tranquilidad y calidad son atributos que convierten a Bosque 6060 en uno de los mejores proyectos para vivir en la Ciudad de México.
									",,,19.341633200000000,-99.229032599999980,m²,253,,,,"MN 14,717,032",,,,,,,,Abilia Creando la Diferencia,,,,,,,,,,,,,,,,,,
inmuebles24.com,http://www.inmuebles24.com/propiedades/nuevo-townhouse-a-una-calle-de-altabrisa-52630125.html,inmuebles24, 52630125,2017-08-08 12:21:41.464084,Venta,Casa,"Casa
											",,"Nuevo Townhouse a Una Calle de Altabrisa, Yucatán - Inmuebles24","Colonia Maya, Maya, Mérida",,Mérida,Maya,,,Yucatán,"
										,Town House en la Colonia Maya a solo una calle de la avenida principal de Altabrisa ,Terreno 95.79m2., Construcción: 156.76m2 ( 3 Unidades, Deptos. # 2, #3 #4),- 2 Pisos,2 Cuartos Residenciales con baño y closet cada uno,- 2.5 Baños,- Sala comedor,- Cocina,- Terraza y jardín privados,- Family room y terraza en segundo piso,- Adecuaciones para 3 aires acondicionados ( No incluye cableado ),- Cuarto de lavado,- Meseta en cocina de Granito,- Ventanas de Aluminio color Bronce,- Pisos de Porcelanato 60 x 60,- Puertas de madera tipo render,- Acabados en muros exteriores a tres capas,- Acabados en interiores a dos capas,- Cochera techada para dos automóviles y estacionamiento de,- Acabados en fachada con textura,- Focos y plafones en toda la vivienda,- Mesetas de baño en mármol,- Baños vestidos,- Llaves en baños,
									",,,21.018296500000000,-89.579241400000000,157,95,,,,"MN 1,450,000",,,,,,,,TIPI BIENES RAICES,,,,,,,,,,,,,,,,,,
inmuebles24.com,http://www.inmuebles24.com/propiedades/espectacular-ph-en-el-corazon-de-polanco-53029736.html,inmuebles24, 53029736,2017-08-08 12:22:06.247257,Venta,Departamento,"Departamento
											",,"Espectacular PH en El Corazón de Polanco, Distrito Federal - Inmuebles24","Petrarca, Polanco, Miguel Hidalgo",,Miguel Hidalgo,Polanco,,,Distrito Federal,"
										Hermoso PH ubicado en una de las mejores calles de Polanco. Este departamento nos ofrece amplios espacios, excelentes acabados y bonitas vistas verdes. Con 235 m2 habitables y 45 m2 de terraza privada, cuenta con; 2 recámaras (opción a una tercera), 3 baños con vestidor, sala-comedor, estudio, cocina integral con desayunador, área de lavado, cuarto de servicio con baño completo, 2 lugares de estacionamiento y una bodega.El edificio ofrece seguridad 24/7.
									",,,19.434325400000000,-99.185605300000020,235,280,,,,"U$D 1,900,000",,,,,,,,Ángel Tejada,,,,,,,,,,,,,,,,,,
inmuebles24.com,http://www.inmuebles24.com/propiedades/venta-depto-de-3-rec.-cuajimalpa-164-m2-6.7-millones-53007164.html,inmuebles24, 53007164,2017-08-08 12:22:31.241676,Venta,Departamento,"Departamento
											",,"Venta Depto de 3 Rec. Cuajimalpa 164 m² 6.7 Millones Oportunidad, Distrito Federal - Inmuebles24","CARRETERA FEDERAL MEXICO TOLUCA #5454, Santa Fe Cuajimalpa, Cuajimalpa de Morelos",,Cuajimalpa de Morelos,Santa Fe Cuajimalpa,,,Distrito Federal,"
										En Venta Excelente y amplio Depto de 3 rec. 4.5 Baños Cto Servicio Cuajimalpa Santa Fe ""ILUMINADISIMO"" ,Vendo iluminadisimo departamento de 3 recamaras, 4.5 baños, sala comedor amplios, family room, cocina integral con cubierta de granito, area de lavado, cuarto de servicio, dos lugares de estacionamiento y bodega. ,La Recamara principal es muy amplia con vestidor y baño. ,Recamaras secundarias con amplios con closets cada una con su baño completo. ,Sala comedor medio baño de visitas y family room. ,Cocina integral con cubierta de granito amplias alacenas, area de lavado y cuarto de servicio con baño. ,Dos lugares de estacionamiento y bodega. ,El departamento es un plus se aprovechan perfectamente todas sus áreas no se desperdicia nada en su distribución. ,Las amenidades son super completas: ,2 salones de eventos capacidad para 70 personas cada uno con baños hombres y mujeres, cocina industrial. ,2 salones para adultos para reuniones, funciona también como business center, pantalla. ,2 salones para jóvenes mesa de villar, footbolito, mesa de ping pong, sillones y pantalla. ,2 gimnasios super completos. ,alberca techada y climatizada, chapoteado y jacuzzi. ,Sports bar. ,Asoleadero. ,4 Areas de asadores. ,Salon de baile se imparten clases de baile, karate. yoga, kick boxing, Crossfit y mas adecuado para todas las edades. ,Area de reserva es una zona arbolada especial para mascotas o salir a leer un buen libro un privilegio. ,Jardines y mas... ,La comunidad que logramos es perfecta lo notara al visitarnos y sobre todo en el día a día. ,""Por que sabemos que su tiempo y su patrimonio no podrá ser mejor invertido agradecemos su confianza""
									",,,19.362645400000000,-99.282707599999980,164,164,,,,"MN 6,700,000",,,,,,,,UBIHABIT,,,,,,,,,,,,,,,,,,
inmuebles24.com,http://www.inmuebles24.com/propiedades/hermosa-residencia-en-vilatrazia-seguridad-52887804.html,inmuebles24, 52887804,2017-08-08 12:22:56.075241,Venta,Casa,"Casa
											",,"Hermosa Residencia en Vilatrazia, Seguridad, Plusvalía, Tranquilidad, Edo. de México - Inmuebles24","valle escondido, El Capulín, Atizapán de Zaragoza",,Atizapán de Zaragoza,El Capulín,,,Edo. de México,"
										Casa de tres Plantas muy iluminada con Amplios Espacios: ,PB: Espacio para 2 autos techados y bodega ,PRIMER NIVEL: Cocina Integral Abierta con cubierta de cuarzo blanco, estudio, sala con domo, comedor de Excelente Tamaño, Alacena. La sala da acceso al jardín frontal ,SEGUNDO NIVEL: Tres Recámaras, 2 comparten baño completo, la recámara Principal cuenta con vestidor, amplio baño con jacuzzi y terraza. ,TERCER NIVEL: Domo de cristal templado en las escaleras, Cuarto de servicio y Cuarto de lavado. Amplio Salón de juegos, Roof Garden. ,El Condominio cuenta con Estacionamiento de visitas, Seguridad las 24 hrs. Ubicación Privilegiada, cerca de los Mejores Colegios, Centros Comerciales y Vialidades. ,Cuenta con Cisterna. ,* La casa esta a un costado del estacionamiento de visitas. ,* A 3 casas del amplio jardín comunitario, cuenta con juegos para niños. ,* La casa cuenta con 4 cámaras de seguridad, las incluye. ,* El diseño es con acabados de lujo. ,* El Roof garden y la recámara principal tienen una Vista Privilegiada.
									",,,19.528907900000000,-99.248969499999990,256,256,,,,"MN 4,500,000",,,,,,,,yitzhak20,,,,,,,,,,,,,,,,,,
inmuebles24.com,http://www.inmuebles24.com/propiedades/departamento-en-excelente-ubicacion-a-unas-cuadras-de-53008930.html,inmuebles24, 53008930,2017-08-08 12:23:21.084437,Venta,Departamento,"Departamento
											",,"Departamento en Excelente Ubicación a Unas Cuadras de La Gran Plaza, Provincia de Quintana Roo - Inmuebles24","Gran plaza, Cancún Centro, Cancún",,Cancún,Cancún Centro,,,Quintana Roo,"
										Seguridad privada las 24hrs, circuito cerrado y acceso controlado. ,2 recámaras, 2 Baños completos con acabados en Mármol (1 en la Recámara Principal) Cocina completa, Barra de granito, Cocina integral, Estufa y campana incluidas ,Preparación para Aire Acondicionado en recámaras y sala ,Preparación para ventiladores en recámaras y sala ,Estudio ,Cuarto de lavado ,Balcón ,84m² de construcción ,Precio a partir de: $1,190,000.00 ,Área de amenidades con cancha de fútbol, gimnasio al aire libre, alberca semi-olímpica, alberca de niños, juguetes de niños, parque para mascotas, asadores y palapas. ,Se acepta todo tipo de crédito ,Entrega inmediata disponible ,MAYOR INFORMES Y CITAS ,Ver datos, Móvil/Whatsapp ,Ver datos, Oficina ,Visita nuestra página de FB ,Gold Clávis Real Estate ,A sus órdenes
									",,,21.139927000000000,-86.853593899999960,82,82,,,,"MN 1,190,000",,,,,,,,Gold Clávis ,,,,,,,,,,,,,,,,,,
inmuebles24.com,http://www.inmuebles24.com/propiedades/vendo-casa-en-lomas-de-las-aguilas-53064746.html,inmuebles24, 53064746,2017-08-08 12:23:46.126334,Venta,Casa,"Casa
											",,"Vendo Casa en Lomas de Las Aguilas, Distrito Federal - Inmuebles24","Picagregos, Lomas de las Aguilas, Alvaro Obregón",,Alvaro Obregón,Lomas de las Aguilas,,,Distrito Federal,"
										Vendo linda y acogedora casa de 3 niveles en lomas de las águilas dentro de privada con control de acceso y vigilancia las 24hrs. cuenta con 303m2 de construcción 60m2 de jardín recibidor, baño de visitas, sala de t.v., amplisima sala comedor con maravillosa vista hacia la cdmx, cocina integral con family room, cuarto de servicio con baño, área de lavado y tendido, 4 recamaras 2 con baño y vestidor, 4 1/2 baños totales, gym, bodega, chimenea, calefacción, 2 estacionamientos con opción a 3, portón eléctrico.
									",,,19.347301200000000,-99.235906800000010,303,303,,,,"MN 6,480,000",,,,,,,,Ventas,,,,,,,,,,,,,,,,,,
inmuebles24.com,http://www.inmuebles24.com/propiedades/hermosa-casa-nueva-en-fraccionamiento-maguey-zibata.-52039078.html,inmuebles24, 52039078,2017-08-08 12:24:11.133644,Venta,Casa en condominio,"Casa en condominio
											",,"Hermosa Casa Nueva en Fraccionamiento Maguey, Zibata. Trato Directo!, Provincia de Querétaro - Inmuebles24","condominio maguey, Fraccionamiento Zibatá, El Marqués",,El Marqués,Fraccionamiento Zibatá,,,Querétaro,"
										FRACCIONAMIENTO CERRADO CON VIGILANCIA 24 HORAS Y AREAS COMUNES. ,• HABITACONES: 3 ,• BAÑOS: 41/2 ,• GARAGE: 3T ,• COCINA CON DESAYUNADOR ,• BODEGA ,• SOTANO ,• CTO SERVICIO CON BAÑO ,• PISOS DE MARMOL Y MADERA ,• JARDIN CON RIEGO POR ASPERSION AUTOMATIZADO
									",,,20.678492996043500,-100.323904991201800,435,340,,,,"MN 6,600,000",,,,,,,,De la torre 13,,,,,,,,,,,,,,,,,,
inmuebles24.com,http://www.inmuebles24.com/propiedades/invierte-tu-credito-fovissste-o-infonavit-vivienda-51965148.html,inmuebles24, 51965148,2017-08-08 12:24:36.666908,Venta,Departamento,"Departamento
											",,Invierte Tu Credito Fovissste Ó Infonavit Vivienda Lista Para Escritura. Edo. de México - Inmuebles24,"Av. camino nuevo a huixquilucan, El Pedregal, Huixquilucan",,Huixquilucan,El Pedregal,,,Edo. de México,"
										Departamento totalmente equipado (incluye cocineta y closet) dentro de un fraccionamiento nuevo con excelente plusvalia y ubicacion. ,Los departamentos son independientes (no comparten muros) y solo son 2 por nivel su ventilacion es natural y su desplazamiento dentro de la torre es por elevador. ,A unos pasos de la zona recidencial de Bosque Real a 10 minutos de interlomas, santa fe, polanco y muy cerca de periferico. ,Aceptamos creditos fovissste, infonavit, bancarios. ,Atencion Personalizada, previa cita.
									",,,19.423544173352578,-99.274519147885140,62,62,,,,"MN 1,245,000",,,,,,,,MARCOS  DOMINGUEZ,,,,,,,,,,,,,,,,,,
inmuebles24.com,http://www.inmuebles24.com/propiedades/espectacular-pre-venta-de-departamentos-en-fairway-52090122.html,inmuebles24, 52090122,2017-08-08 12:25:01.901868,Venta,Departamento,"Departamento
											",,"Espectacular Pre - Venta de Departamentos en Fairway 9, Bosque Real, Edo. de México - Inmuebles24",,,Huixquilucan,Bosque Real,,,Edo. de México,"
										,Pre-venta de preciosos departamentos garden en Fairway 9, Bosque Real con 3 amplias recamaras con baño y vestidor, todas cuentan con tina, la recamara principal cuenta con jacuzzi y terraza, las otras dos tienen balcon, cocina integral con alacena y desayunador, estudio, bodega, cuarto de servicio, lavanderia, elevador directo al departamento, se entregan con terminados de primera y persianas el cliente tiene la opcion de escoger el acabado, ya que se cuenta con un catalogo.,Areas comunes: Jardin, gym, salon de fiestas, alberca descubierta, area de juegos, asoleadero, bar, carril de nado, lobby.,
									",,,,,580,580,,,,"U$D 1,262,111",,,,,,,,Grupo Bosques Bienes Raíces,,,,,,,,,,,,,,,,,,
inmuebles24.com,http://www.inmuebles24.com/propiedades/super-terreno-isla-real-7-indivisos-53196804.html,inmuebles24, 53196804,2017-08-08 12:25:27.076948,Venta,Terreno / Lote,"Terreno / Lote
											",,"Super Terreno Isla Real 7 Indivisos, Edo. de México - Inmuebles24","Isla Real, Bosque Real, Huixquilucan",,Huixquilucan,Bosque Real,,,Edo. de México,"
										Espectacular terreno ubicado en una de las isla mas exclusivas de Bosque Real ISLA REAL, el terreno tiene 7,239 m2 y tienen autorización para construir 7 casas. Ese terreno cuenta con unas de las mejores vistas, el lago de la casa Club de Bosque real, cañadas con ríos, vistas al campo como ningun otro terreno, ideal para desarolladores que deseen construir la privada mas exclusiva que habria en Bosque Real. En pocas palabras es un terreno unico.
									",,,19.421315700000000,-99.294719499999990,"7,239","7,239",,,,"MN 101,346,000",,,,,,,,Janet Díaz García,,,,,,,,,,,,,,,,,,
inmuebles24.com,http://www.inmuebles24.com/propiedades/hermosa-casa-en-venta-en-satelite-circuito-novelistas-52919509.html,inmuebles24, 52919509,2017-08-08 12:25:51.917235,Venta,Casa,"Casa
											",,"Hermosa Casa en Venta en Satélite, Circuito Novelistas, Edo. de México - Inmuebles24","Mariano Azuela, Ciudad Satélite, Naucalpan de Juárez",,Naucalpan de Juárez,Ciudad Satélite,,,Edo. de México,"
										Hermosa casa en una de las zonas más exclusivas de Satélite, Circuito Novelistas. ,En la planta baja cuenta con 3 recámaras, la principal con baño completo y vestidor, las secundarias con vestidor cada una y baño completo compartido, cuarto de TV, sala, cocina amplia y moderna con alacena espaciosa, 1/2 baño, comedor amplio con entrada de luz natural, pórtico muy agradable, jardín, asador. ,En la planta alta cuenta con amplia terraza, baño completo, cuarto de juegos muy cómodo con entrada independiente, cuarto de servicio con baño completo y acceso aislado, recámara de visitas independiente a la actividad de la casa, amplio estudio con acceso a la terraza, cava de vinos. ,Adicionales: ,Cava de vinos refrigerada. ,Bodegas en diferentes espacios de la casa para guardar lo necesario. ,Cámaras de seguridad dentro de la casa y en toda la cuadra. ,Áreas verdes. ,Fuente con espejo de agua. ,Casa muy iluminada y ventilada. ,Gas natural. ,Wi Fi de banda ancha. ,Ubicación privilegiada con salida directa a Periférico y segundo piso.
									",,,19.501393300000000,-99.242477700000000,354,533,,,,"MN 13,800,000",,,,,,,,wendy chavez gallardo ,,,,,,,,,,,,,,,,,,
inmuebles24.com,http://www.inmuebles24.com/propiedades/en-venta-terreno-atencion-desarrolladores-h6-20-2-53207095.html,inmuebles24, 53207095,2017-08-08 12:26:16.742585,Venta,Terreno / Lote,"Terreno / Lote
											",,"En Venta Terreno Atención Desarrolladores H6 - 20 - Z Posible Tramitar H10, Distrito Federal - Inmuebles24","av. Division del Norte, Xotepingo, Coyoacán",,Coyoacán,Xotepingo,,,Distrito Federal,"
										Atención desarrolladores ofrezco terreno super ubicado, por el area del museo del Automóvil en la zona residencial a 5 min de Coyoacan, super ubicado, en la Col. Xotepingo, para desarrollar vivienda Residencial, Se puede construir hasta 823m2, se vende con anteproyecto y proyecto ejecutivo y planos, para desarrollar 5 departamentos de 118m2 y uno mas de 80m2 en total 6 magníficos departamentos, ya se tiene el anteproyecto proyecto ejecutivo y planos para 6 departamentos, se podría tramitar uso de suelo H10 por antecedente en la zona, pero hoy día se vende lo que es. ,La zona maneja un promedio de $45,000.00 x m2 en departamentos en preventa.
									",,,19.328645900000000,-99.141990400000000,194,194,,,,"MN 13,000,000",,,,,,,,UBIHABIT,,,,,,,,,,,,,,,,,,
inmuebles24.com,http://www.inmuebles24.com/propiedades/local-ubicado-en-esquina-en-esperanza-sonora-51482741.html,inmuebles24, 23GN1B,2017-08-08 12:26:42.385414,Alquiler / Venta,Local Comercial,"Local Comercial
											",,"Local Ubicado en Esquina en Esperanza, Sonora, Sonora - Inmuebles24","Heroico Colegio Militar, Ampliacion Ronaldo Camacho, Empalme",,Empalme,Ampliacion Ronaldo Camacho,,,Sonora,"
										Ubicado en el centro de la Ciudad, ideal para cualquier giro comercial. ,Zona habitacional comercial. ,Se renta completo. ,Área Rentable: 316.43 m2
									",,,27.581824822092575,-109.929144651429740,m²,"
												",,,,"MN 4,500,000",,,,,,,,JYSA,,,,,,,,,,,,,,,,,,
inmuebles24.com,http://www.inmuebles24.com/propiedades/inmueble-para-educacion:-universidad-preparatoria-52465457.html,inmuebles24, 52465457,2017-08-08 12:27:07.444271,Venta,Edificio,"Edificio
											",,"Inmueble Para Educación: Universidad, Preparatoria, Secundaria, Primaria, Preescolar, Distrito Federal - Inmuebles24","chicmalli, Chimalli, Tlalpan",,Tlalpan,Chimalli,,,Distrito Federal,"
										Descripción ,Inmueble construído ex profeso para Educación. Tiene todos los usos de suelos autorizados para impartir los niveles de: preescolar, primaria, secundaria, preparatoria, universidad, cursos. ,Construído con la reglamentación de la SEP y UNAM. ,Instalaciones: Laboratorio, baños, áreas verdes, cancha de football rápido, basketball, cisterna. ,Gran oportunidad para expansión de instalaciones educativas o de nueva creación. ,Citas ,Ver datos,
									",,,19.292561600000000,-99.141342200000000,"2,332","1,973",,,,"MN 48,000,000",,,,,,,,Claudia Matus Calleros -,,,,,,,,,,,,,,,,,,
inmuebles24.com,http://www.inmuebles24.com/propiedades/venta-exclusivo-departamento-contemporaneo-san-angel-53071830.html,inmuebles24, 53071830,2017-08-08 12:27:33.833793,Venta,Departamento,"Departamento
											",,"Venta Exclusivo Departamento Contemporáneo [ San Angel Inn ] Cdmx, Distrito Federal - Inmuebles24","PERIFERICO SUR  LOMAS DE SAN ANGEL INN, Lomas de San Angel Inn, Alvaro Obregón",,Alvaro Obregón,Lomas de San Angel Inn,,,Distrito Federal,"
										DEPARTAMENTO EXCLUSIVO CON ARQUITECTURA CONTEMPORÁNEA ,ZONA SAN ANGEL INN [ VISTA ESPECTACULAR ] ,[ ZONA : TELEVISA SAN ANGEL ] ,C / 100 M2 / TERRAZA ,3 RECÁMARAS ,[ 1 MASTER ROOM CON VESTIDOR Y BAÑO ] ,[ 1 REC SECUNDARIA CON BAÑO COMPLETO COMPARTIDO ] ,[ 1 REC EXTRA CON BAÑO PARA ESTUDIO, VISITAS O CUARTO DE SERVICIO ] ,COCINA EQUIPADA, 3 BAÑOS, ZONA DE LAVADO, ,VISTA PANORÁMICA EN TODAS LAS ÁREAS DEL DEPARTAMENTO ,2 ELEVADORES DE EXCELENTE CALIDAD, 1 BODEGA, 1 ELEVADOR DE MUDANZA ,2 CAJONES DE ESTACIONAMIENTO PROPIOS NUMERADOS ,RECEPCIÓN CON LOBBY [ ZONA / VISITAS ] ,GIMNASIO EQUIPADO [ ZONA CON ELEVADOR ] WIFI ,SPA CON SAUNA, VAPOR, REGADERAS, LOCKERS, ,JACUSSI ABIERTO CON ASOLEADEROS, ,SALAS TIPO LOUNGE PARA EXTERIOR, ,ALBERCA DE ENTRENAMIENTO TIPO CARRIL DE NADO, ,BAÑOS H & M, REGADERAS ÁREAS DE DESCANSO ,ZONA DE ÁREAS INFANTILES ,ÁREA VERDE CON COMEDORES ,ZONA TIPO LOUNGE CON ASADORES Y ZONA DE DESCANSO ,CASETA CON VIGILANCIA 24 HRS ,CIRCUITO CERRADO DE SEGURIDAD ,[ CÁMARAS DE VIGILANCIA EN TODO EL CONDOMINIO ] ,APROVECHA ÉSTA EXTRAORDINARIA OPORTUNIDAD DE INVERSIÓN ,CONTÁCTANOS !
									",,,19.347373426617047,-99.203699150787260,100,100,,,,"MN 4,800,000",,,,,,,,GRUPO INMOBILIARIO EHR,,,,,,,,,,,,,,,,,,
